method,rank,rank1,rank2,rank3,rel_error
cp,3.0,3,,,0.5091251730918884
cp,5.0,5,,,0.4367116391658783
cp,10.0,10,,,0.3551439642906189
cp,15.0,15,,,0.312570720911026
cp,20.0,20,,,0.2824147343635559
tucker,,10,20.0,3.0,0.3494243621826172
tucker,,20,40.0,3.0,0.27644339203834534
tucker,,30,60.0,3.0,0.23602822422981262
